{
  "#1-0" : {
    "transaction" : "#1-0",
    "sampleCount" : 10,
    "errorCount" : 0,
    "errorPct" : 0.0,
    "meanResTime" : 38.599999999999994,
    "medianResTime" : 34.5,
    "minResTime" : 31.0,
    "maxResTime" : 77.0,
    "pct1ResTime" : 73.20000000000002,
    "pct2ResTime" : 77.0,
    "pct3ResTime" : 77.0,
    "throughput" : 1.1161960040183054,
    "receivedKBytesPerSec" : 0.42293364214756113,
    "sentKBytesPerSec" : 0.16459530918629312
  },
  "#1-1" : {
    "transaction" : "#1-1",
    "sampleCount" : 10,
    "errorCount" : 0,
    "errorPct" : 0.0,
    "meanResTime" : 91.7,
    "medianResTime" : 68.5,
    "minResTime" : 60.0,
    "maxResTime" : 304.0,
    "pct1ResTime" : 281.4000000000001,
    "pct2ResTime" : 304.0,
    "pct3ResTime" : 304.0,
    "throughput" : 1.1186933661483387,
    "receivedKBytesPerSec" : 0.5538843131222732,
    "sentKBytesPerSec" : 0.1649635725472648
  },
  "#2-0" : {
    "transaction" : "#2-0",
    "sampleCount" : 10,
    "errorCount" : 0,
    "errorPct" : 0.0,
    "meanResTime" : 17.6,
    "medianResTime" : 17.0,
    "minResTime" : 14.0,
    "maxResTime" : 21.0,
    "pct1ResTime" : 21.0,
    "pct2ResTime" : 21.0,
    "pct3ResTime" : 21.0,
    "throughput" : 1.1563367252543941,
    "receivedKBytesPerSec" : 0.4234631562210916,
    "sentKBytesPerSec" : 0.1558344414893617
  },
  "#2-1" : {
    "transaction" : "#2-1",
    "sampleCount" : 10,
    "errorCount" : 0,
    "errorPct" : 0.0,
    "meanResTime" : 22.0,
    "medianResTime" : 20.0,
    "minResTime" : 19.0,
    "maxResTime" : 37.0,
    "pct1ResTime" : 35.50000000000001,
    "pct2ResTime" : 37.0,
    "pct3ResTime" : 37.0,
    "throughput" : 1.156470452179947,
    "receivedKBytesPerSec" : 0.6516439950271771,
    "sentKBytesPerSec" : 0.15585246328206315
  },
  "#3-0" : {
    "transaction" : "#3-0",
    "sampleCount" : 10,
    "errorCount" : 0,
    "errorPct" : 0.0,
    "meanResTime" : 17.1,
    "medianResTime" : 16.5,
    "minResTime" : 16.0,
    "maxResTime" : 20.0,
    "pct1ResTime" : 19.9,
    "pct2ResTime" : 20.0,
    "pct3ResTime" : 20.0,
    "throughput" : 1.156470452179947,
    "receivedKBytesPerSec" : 0.43819388227130796,
    "sentKBytesPerSec" : 0.17053421706950386
  },
  "#3-1" : {
    "transaction" : "#3-1",
    "sampleCount" : 10,
    "errorCount" : 0,
    "errorPct" : 0.0,
    "meanResTime" : 21.6,
    "medianResTime" : 20.5,
    "minResTime" : 19.0,
    "maxResTime" : 28.0,
    "pct1ResTime" : 27.8,
    "pct2ResTime" : 28.0,
    "pct3ResTime" : 28.0,
    "throughput" : 1.1560693641618498,
    "receivedKBytesPerSec" : 0.5712608381502889,
    "sentKBytesPerSec" : 0.17047507225433525
  },
  "#4-0" : {
    "transaction" : "#4-0",
    "sampleCount" : 10,
    "errorCount" : 0,
    "errorPct" : 0.0,
    "meanResTime" : 17.700000000000003,
    "medianResTime" : 18.0,
    "minResTime" : 15.0,
    "maxResTime" : 19.0,
    "pct1ResTime" : 19.0,
    "pct2ResTime" : 19.0,
    "pct3ResTime" : 19.0,
    "throughput" : 1.1562030292519365,
    "receivedKBytesPerSec" : 0.43809255405249165,
    "sentKBytesPerSec" : 0.17049478263383053
  },
  "#4-1" : {
    "transaction" : "#4-1",
    "sampleCount" : 10,
    "errorCount" : 0,
    "errorPct" : 0.0,
    "meanResTime" : 21.3,
    "medianResTime" : 21.0,
    "minResTime" : 18.0,
    "maxResTime" : 25.0,
    "pct1ResTime" : 24.9,
    "pct2ResTime" : 25.0,
    "pct3ResTime" : 25.0,
    "throughput" : 1.1556685542586387,
    "receivedKBytesPerSec" : 0.5992773460071651,
    "sentKBytesPerSec" : 0.17041596845024845
  },
  "#5-0" : {
    "transaction" : "#5-0",
    "sampleCount" : 10,
    "errorCount" : 0,
    "errorPct" : 0.0,
    "meanResTime" : 16.2,
    "medianResTime" : 16.0,
    "minResTime" : 15.0,
    "maxResTime" : 18.0,
    "pct1ResTime" : 17.9,
    "pct2ResTime" : 18.0,
    "pct3ResTime" : 18.0,
    "throughput" : 1.1559357299734134,
    "receivedKBytesPerSec" : 0.4379912726852387,
    "sentKBytesPerSec" : 0.1704553664316264
  },
  "#5-1" : {
    "transaction" : "#5-1",
    "sampleCount" : 10,
    "errorCount" : 0,
    "errorPct" : 0.0,
    "meanResTime" : 20.400000000000002,
    "medianResTime" : 20.5,
    "minResTime" : 18.0,
    "maxResTime" : 24.0,
    "pct1ResTime" : 23.8,
    "pct2ResTime" : 24.0,
    "pct3ResTime" : 24.0,
    "throughput" : 1.1555350127108852,
    "receivedKBytesPerSec" : 0.5958227409290502,
    "sentKBytesPerSec" : 0.17039627628842155
  },
  "#1" : {
    "transaction" : "#1",
    "sampleCount" : 10,
    "errorCount" : 0,
    "errorPct" : 0.0,
    "meanResTime" : 131.0,
    "medianResTime" : 103.0,
    "minResTime" : 94.0,
    "maxResTime" : 384.0,
    "pct1ResTime" : 356.9000000000001,
    "pct2ResTime" : 384.0,
    "pct3ResTime" : 384.0,
    "throughput" : 1.108770373655616,
    "receivedKBytesPerSec" : 0.9690912933806408,
    "sentKBytesPerSec" : 0.3270006375429648
  },
  "#2" : {
    "transaction" : "#2",
    "sampleCount" : 10,
    "errorCount" : 0,
    "errorPct" : 0.0,
    "meanResTime" : 39.8,
    "medianResTime" : 38.0,
    "minResTime" : 35.0,
    "maxResTime" : 58.0,
    "pct1ResTime" : 56.2,
    "pct2ResTime" : 58.0,
    "pct3ResTime" : 58.0,
    "throughput" : 1.1536686663590217,
    "receivedKBytesPerSec" : 1.072551338255653,
    "sentKBytesPerSec" : 0.3109497577295801
  },
  "#3" : {
    "transaction" : "#3",
    "sampleCount" : 10,
    "errorCount" : 0,
    "errorPct" : 0.0,
    "meanResTime" : 39.0,
    "medianResTime" : 38.5,
    "minResTime" : 35.0,
    "maxResTime" : 48.0,
    "pct1ResTime" : 47.5,
    "pct2ResTime" : 48.0,
    "pct3ResTime" : 48.0,
    "throughput" : 1.1539349180706207,
    "receivedKBytesPerSec" : 1.0074392741749365,
    "sentKBytesPerSec" : 0.34032064966535885
  },
  "#4" : {
    "transaction" : "#4",
    "sampleCount" : 10,
    "errorCount" : 10,
    "errorPct" : 100.0,
    "meanResTime" : 39.2,
    "medianResTime" : 39.0,
    "minResTime" : 34.0,
    "maxResTime" : 44.0,
    "pct1ResTime" : 43.8,
    "pct2ResTime" : 44.0,
    "pct3ResTime" : 44.0,
    "throughput" : 1.1536686663590217,
    "receivedKBytesPerSec" : 1.0353725628749424,
    "sentKBytesPerSec" : 0.34024212621135214
  },
  "#5" : {
    "transaction" : "#5",
    "sampleCount" : 10,
    "errorCount" : 10,
    "errorPct" : 100.0,
    "meanResTime" : 36.699999999999996,
    "medianResTime" : 36.5,
    "minResTime" : 33.0,
    "maxResTime" : 41.0,
    "pct1ResTime" : 40.8,
    "pct2ResTime" : 41.0,
    "pct3ResTime" : 41.0,
    "throughput" : 1.1534025374855825,
    "receivedKBytesPerSec" : 1.0317546136101499,
    "sentKBytesPerSec" : 0.3401636389850058
  },
  "Total" : {
    "transaction" : "Total",
    "sampleCount" : 150,
    "errorCount" : 20,
    "errorPct" : 13.333333,
    "meanResTime" : 37.993333333333304,
    "medianResTime" : 24.0,
    "minResTime" : 14.0,
    "maxResTime" : 384.0,
    "pct1ResTime" : 70.9,
    "pct2ResTime" : 101.89999999999998,
    "pct3ResTime" : 343.2000000000007,
    "throughput" : 16.36304134395113,
    "receivedKBytesPerSec" : 9.749645467437547,
    "sentKBytesPerSec" : 3.16181684302389
  }
}